Year,salmon_imports
1,35946.86657
2,39709.15322
3,48843.22404
4,62864.65523
5,68252.01947
6,80211.52282
7,88018.52143
8,98719.25617
9,107302.0061
10,114614.5036
11,119365.9711
12,132600.9717
13,149083.3651
14,132801.0346
15,121723.9091
16,142244.1493
17,171848.4066
18,178777.6548
19,182928.6912
20,198259.8376
21,203912.6913
22,192231.2172
23,222312.8766
24,190426.593
25,172282.7722
26,236674.1194
27,239287.6084
28,262434.1993